"Pirkka suomalainen kirsikkatomaatti 250g",6410402024018
"Pirkka miniluumutomaatti 250g ulkomainen 1lk",6410405060457
"Avomaankurkku Suomi",2000600000002
"Tomaatti Suomi",2000614400003
"Kurkku   Suomi",2000604700007
"Terttutomaatti punainen ulkomainen",2000625700000
"Kirsikkatomaattirasia 250g Suomi 1lk",6415350000305
"Kurkku Suomi",2000643200001
"Pirkka luomu tomaatti 400 g Suomi 1lk",6410405041708
"Pirkka suomalainen luumutomaatti 500 g",6408641034011
"Pirkka suomalainen tomaatti 500g",6410402025701
"Pirkka kirsikkatomaatti 250 g ulkomainen",6410405043047
"Pirkka luomu kirsikkatomaatti Suomi",6410405095145
"Luumutomaatti keltainen 500g Suomi 1lk",6415350005997
"Miniluumutomaattirasia 250g NL 1lk",8436012121082
"Pirkka valkosipulikurkku 900/400g",6410405112569
"Myrttisen suolakurkut 2kpl/180g Suomi",6430025256900
"Peruna jauhoinen",2000680800004
"Pirkka suomalainen pesty ruokaperuna keltainen 2 kg",6410402008773
"Pesty peruna",2000680900001
"Pirkka suomalainen pesty Siikli-peruna 1kg",6410405082725
"Pirkka Luomu suomalainen pesty ruokaperuna 1,5 kg",6408641199536
"Pirkka suomalainen pesty Rosamunda-uuniperuna 1,5 kg",6410402008834
"Pirkka suomalainen pesty ruokaperuna sopivasti kiinteä ja jauhoinen 1 kg",6410405082763
"Pirkka suomalainen pesty ruokaperuna vihreä 2 kg",6410402008797
"Peruna 5kg keltainen Suomi",6415350004235
"Pirkka suomalainen pesty puikulaperuna 1 kg",6410405082749
"Pirkka Juhlaperuna 1kg",6410405103017
"Peruna Roosa nauha 2kg Suomi",6411040033011
"Pirkka suomalainen pesty ruokaperuna punainen 2 kg",6410402008636
"Pirkka kypsä pariisinperuna 700g",6410405123688
"Fazer Puikula Täysjyväruis 9 kpl/500 g",6411402202208
"Oululainen Reissumies Tosi Tumma 8 kpl/560g",6413466101503
"VAASAN Ruispalat 660 g 12 kpl täysjyväruisleipä",6437002001454
"Oululainen Reissumies 4 kpl / 235g täysjyväruisleipä",6411402197108
"VAASAN Isopaahto graham 500 g",6437005040986
"Perheleipurit Ruisvarras 230g",6405506106111
"Oululainen reissumies tumma 4kpl/280g",6413466080204
"Maalahden Limppu 325 g viipaloitu",6416120000600
"Pågen Oivallus! Kuitupalat 600g vehnäpalaleipä",7311071336206
"Oululainen Luomu Jälkiuunipalat 4 kp/240 g täysjyväruisleipä",6413466018009
"Fazer Real Ruis 420 g täysjyväruisleipä",6411402117700
"Vaasan isopaahto D+ kaurapaahtoleipä 500g",6437005074899
"VAASAN Isopaahto monivilja 525g paahtoleipä",6437005041020
"VAASAN 100 % Kaura 400 g kaurapalaleipä",6437005058516
"Sinuhe Jälkiuuni Ruisneppari 295g / 9kpl ruisleipä",6433500002993
"Vaasan ruispalat tumma herkku täysjyväruisleipä 9kpl 450g",6437005075421
"Oululainen Äitimuorin Herkkulimppu 450 g",6411402156006
"Fazer Paahto Viisi Vijaa 520 g paahtoleipä",6411402159403
"FAZER Puikula Kaurapaahto 4kpl/300g",6413466098209
"Oululainen reissumies kaurasämpylä 4kpl 280g",6413466126605
"ULLAN PAKARI RUISSÄMPYLÄT 330g",6416211000311
"Primula Ohraleipä 450g",6405506191872
"ULLAN PAKARI OHRASKA 400g",6416211000045
"Primula Moniviljaleipä 450g",6405506191773
"Pirkka ruispalat 9 kpl/450g",6410405111562
"Oululainen Jälkiuunipala 8 kpl/480 g",6411402106407
"ULLAN PAKARI RUISTRIO 420g",6416211000243
"Fazer Paahto Täysjyvä 550 g täysjyväpaahtoleipä",6411402159908
"VAASAN Kaurasydan 380 g",6437005064753
"VAASAN Kauratyynyt 360 g halkaistu kauraleipä",6437005053368
"Perheleipurit Evässämpylä 7 kpl / 420 g vehnäsämpylä",6405506122814
"Artesaani Kauraleipä 450g",6405506191674
"Artesaani Maalaisleipä 450g",6405506191476
"Rosten Lähiruisleipä 370 g, leivinhiivaton",6409770054802
"VAASAN Tosirukiinen 175 g reikäleipä",6437005006050
"Fazer Puikula Täysjyväruis 4 kpl / 220 g",6411402200105
"Oululainen Jälkiuunipala 4 kpl/240 g",6411402105103
"Oululainen Reilu täysjyväruisleipä 12 kpl / 600 g",6411402202307
"Vaasan ruisaurinko D+ leipä 360g",6437005071195
"VAASAN Ruispalat Jälkiuuni 300 g täysjyväruisjälkiuunileipä",6437005061288
"Vaasan ruispalat saaristo 360 g täysjyväruis",6437005068386
"VAASAN 100 % Ruis 400 g täysjyväruispalaleipä",6437005054198
"Maalahden Limppu 430 g",6416120000204
"Oululainen Jälkiuunileipa Luomu 300 g",6411402105806
"Fazer Paahto Kaura 330 g kaurapaahtoleipä",6411402131508
"Fazer Paahto Täysjyvä 335 g täysjyväpaahtoleipä",6411402131409
"Fazer Alku Kaurapala 6 kpl",6413466015503
"Fazer Puikula Kaura 9 kpl/550 g",6411402202406
"Vaasan kaurasydän porkkana 380g",6437005068416
"Fazer kaurasämpylä 7kpl/490g",6413466100209
"Oululainen Reissumies Ruissämp 4kpl/280g",6413466087302
"Primula Rouheciapatta 4 kpl, 280g",6405506191179
"Rosten Rouhesämpylä, pakattu 5 kpl 325 g",6409770015056
"Vaasan muhku porkkanasämpylä 7kpl 350g",6437005075292
"PullaPirtti Perunarieskanen 6 kpl/270 g",6438706017062
"VAASAN Lapin Rieskaset ohra 260 g",6437005053863
"Fazer klassikko kestileipä 490g",6413466654009
"ULLAN PAKARI KAURAJUNTTA 400g",6416211000021
"ULLAN PAKARI RUISKAKKO 400g",6416211000304
"Oululainen Reilu Täysjyvä 550 g täysjyväleipä",6411402164803
"Oululainen Reilu Vehnä 500 g vehnäleipä",6411402164902
"Oululainen Reilu Ruisreikäleipä 200g",6413466101800
"Perheleipurit Ruisreikäleipä 330g",6405506002116
"Vaasan Revitty 350 g täysjyväruisleipä",6437002000136
"Leivo Ruisrehti 375g Täysjyväruispalaleipä",6405506122920
"Moilas Jääkärinpala 6/300g halkaistu ruispalaleipä",6405506600930
"Oululainen alkuperäinen jälkiuuninappi 245g",6413466101701
"Perhel Ruislätkä 240g Ruispalaleipä",6405506115120
"Perheleipurit Makupalat 6 kpl / 420 g ruissekaleipä",6405506127123
"Salonen Saaristolaisnappi 8 kpl / 310 g ruisleipä",6405506022558
"VAASAN Minihiilari Ruis 260g",6437005063862
"Vaasan ruispalat mini 265g",6437005066672
"VAASAN Ruispalat 330 g 6 kpl täysjyväruisleipä",6437005003752
"Pirkka saaristolaisleipä 500g",6410405076045
"Maalahden Limppu 660 g",6416120000105
"Oululainen Luomu jälkiuunilimppu 350g",6413466002404
"Porokylä PikkuTuliainen 500g",6416192010071
"Pirkka auringonkukkaleipä 500g",6410405080646
"Moilas Pikku Jääkäri 500g jälkiuuniruisleipä viipaloitu",6405506400332
"Oululainen Aito Jälkiuunileipa 300 g",6411402105301
"Ullan Pakari Ullan ruis 300g",6416211000373
"Oululainen Jälkiuuniviipaleet 260 g",6411402106209
"Porokylä Ruiseväs 650g siivutettu",6416192012273
"Porokylä Ruisleipä 500g",6416192000010
"Porokylä Sihtileipä 560g siivu",6416192080135
"Pågen Limpukka 500g moniviljaleipä",7311070330595
"Pågen Tumma Viettelys 750g leipä",7311070330403
"Sinuhe Ryhti ruislimppu 620g ruisleipä",6433500000616
"Uotilan Aito Pälkäneen Maalaisruislimppu 400 g",6411402126108
"Uotilan Aito Pälkäneen Perunalimppu 450 g",6411402125101
"Fazer Paahto Juusto 450 g paahtoleipä",6411402159007
"Fazer Paahto ruis 350g",6413466057503
"Fazer Paahto Ruis 700 g ruispaahtoleipä",6411402132604
"Fazer Paahto Vehnä 280 g vehnäpaahtoleipä",6411402130006
"Pågen JättiRanska 1,2 kg vehnäpaahtoleipä",7311072330449
"Pågen Rasker 1,2 kg täysjyväpaahtoleipä",7311072330463
"VAASAN Isopaahto vehnä 500 g paahtoleipä",6437005041068
"VAASAN TaikaRuis 100% Paahtoleipä",6437005063831
"Fazer Alku Jyväpala leipä 480 g",6411402205506
"Fazer Puikula Mysli 6 kpl/450 g",6411402203106
"Oululainen Reissumies Kaura 4 kpl/280g",6413466101602
"Perhel Kauralätkä 280g kauraleipä",6405506231127
"Pågen oivallus subs 480g vehnä leipä",7311070338850
"Salonen Flatbread 3 kpl/225 g",6405506128151
"VAASAN Jälkiuunikaurapalat 250g",6437005064852
"VAASAN TaikaRuis 100% Palaleipä pss",6437005062308
"Vaasan taikaruis 100% palaleipä 360g porkkana",6437005067327
"Fazer juustosämpylä 7kpl/490g",6413466100100
"Perheleipurit Aamiaissämpylä 7 kpl / 420 g moniviljasämpylä",6405506123019
"Perheleipurit 10 Grahamsämpylä 10kpl/470g",6405506366126
"PL aamiaissämpylä 420g kaura",6405506124016
"Rosten Seitsemän sortin sämpylä 350g",6409770015209
"Sinuhe Kauralesesämpylä 350g /5kpl sämpylä",6433500022373
"Sinuhe Rouhesämpylä 420g/ 10kpl sämpylä",6433500021772
"VAASAN Minihiilari 200 g",6437005062384
"Vaasan muhku kaurasämpylä 7kpl 350g",6437005075339
"Vaasan muhku 100% ruissämpylä 7kpl 350g",6437005075315
"PullaPirtti kaurarieska 2kpl/220g",6405506172246
"VAASAN Lapin Rieskaset peruna 260 g",6437005053887
"Pirkka maalaiskauraleipä 580g",6410405052421
"Fazer klassikko maalaisleipä 500g",6413466654207
"Leivo Arinarievä 500g sekaleipä",6424200022114
"Perheleipurit Kaura100 240g",6405506133476
"Perheleipurit Terve! Moniviljaleipä 280g",6405506253129
"Rosten Crusta ciabatta 300 g, vehnäleipä",6409770054574
"Rosten Crusta juusto-oliivi 250 g",6409770054529
"Rosten Kauraruis Ciapatta 350g",6409770054659
"Rosten Primo sinihomejuusto-ananas 250 g",6409770054741
"ULLAN PAKARI AURINKOPATU 350g",6416211000229
"Vaasan Ranskanleipä 350g",6437002001911
"Pirkka setsuuriviipaleet 500g",6410402019762
"Fazer Alku maalaisviip 600g merisuola",6413466080600
"Fazer Alku maalaisviip 650g porkkana",6413466080501
"Oululainen reilu kaura-pellava 520g",6413466650704
"Oululainen Reilu Vehnälese 500 g",6411402164001
"Perheleipurit neljän viljan siivut viipaloitu sekaleipä 430g",6405506252221
"Primula kauraviipaleet 450g",6405506192176
"Primula Moniviljaviipaleet 450g",6405506191377
"Pågen Maalaishyvä Spelttiviipaleet 650g",7311070336085
"Sinuhe Aittaleipä 480g siivutettu sekaleipä",6433500013036
"Sinuhe Kaura-aittaleipä 480g siivutettu sekaleipä",6433500013838
"Sinuhe Viipaloitu kauraleipä 480g kauraleipä",6433500013418
"Sinuhe Vilja-aittaleipä 440g siivutettu sekelaipä",6433500013739
"VAASAN Maalaisviipaleet 500 g viipaloitu sekaleipä",6437005031298
"Vaasan TaikaRuis 100 % Porkkana 390 g täysjyväruisviipaleet",6437005061721
"VAASAN TaikaRuis 100 % Ruisviipaleet 550 g",6437005058660
"Vaasan täyshyvät Jyväiset viipaleet 390 g 100 % täysjyväviljaleipä",6437005059537
"Vaasan täyshyvät Moniviljaviipaleet 650 g 100 % täysjyvävehnäleipä",6437005053337
"Danerolles 240g Croissants 6kpl tuoretaikina",5410146401435
"Danone Danerolles Tumma Sämpylä 310g",5410146413490
"Danone Danerolles vaalea sämpylä 330g",5410146413483
"Pirkka voicroissant 6kpl/330g",6410405110787
"Pirkka vehnäpulla 14kpl/700g",6410405052407
"Myllyn Paras Korvapuusti 560 g pakastepulla",6417700060960
"Pirkka valkosipulivoipatonki 175g",6410402024247
"Pirkka yrttivoipatonki 175g",6410402024261
"Myllyn Paras Vierasvara Kypsä Karjalanpiirakka 480 g kypsäpakaste",6417700067679
"Myllärin Luomu Riisipiirakka PAKASTE",6415000192015
"Sunnuntai piirakkataikina 400 g",6411200056874
"Pirkka macaron mantelileivonnainen 12kpl/125g",6410405110763
"Pirkka miniéclair tuulihattu 12kpl/200g",6410405075239
"Pirkka mud cake 400g",6410405095831
"Pirkka prinsessakakku 500g",6410405106148
"Pirkka suklaakakku 550g",6410402023981
"Pirkka tuulihatut 20kpl/250g",6410402013364
"Almondy DAIM Mousse 400 g",7312930002935
"Almondy gevalia cappuccino moussekakku 400g",7312930004144
"Almondy Mantelikakku Daim 400 g",7312930000382
"Almondy Mantelikakku Toblerone 400 g",7312930002201
"Almondy Mantelikakku Toffee-maapähkinä 450 g",7312930000481
"Almondy Marenkikakku Marabou 400 g",7312930000955
"Almondy philadelphia sitruuna juustokakku 410g",7312930003291
"Almondy sitruuna moussekakku 400g",7312930003406
"Almondy suklaa moussekakku 400g",7312930003437
"Almondy vadelma-salmiakki moussekakku 400g",7312930003451
"Frödinge Kinuskikakku 565g",7310890602585
"Frödinge Mansikkakakku 500 g",7310890601885
"Frödinge mud cake deluxe 400g pakaste suklaa kakku",7310890205182
"Frödinge Mud Cake Ice Cream 380g",7310890204291
"Frödinge mud cake suklaakakku 440g vadelmaunelma",7310890204383
"Frödinge Mud cake 400g kostea suklaakakku",7310890203607
"Frödinge Prinsessakakku 480 g",7310890601687
"Frödinge Prinsessaleivos 4 x 70g",7310890303017
"Pirkka cocktail liha-riisipasteijoita 14kpl/490g",6410402005093
"Pirkka cocktailpiirakka 15kpl/630g paistovalmis raakapakaste",6410402001422
"Pirkka juustovoipatonki 175g",6410402024223
"Pirkka karjalanpiirakat 6kpl/330g",6410405052933
"Pirkka muna-riisipasteija14kpl/490g",6410402005116
"Pirkka parhaat peruna-smetanapiirakka 6 kpl/330g",6410405073822
"Pirkka riisipiirakka 9kpl/810g paistovalmis raakapakaste",6410402028153
"ES yrttipatonki 2x175g",8717399858397
"Euro Shopper riisipiirakka 12 kpl / 1020 g",6408640913539
"Euro Shopper valkosipulipatonki 2x175g",8717399858410
"Fazer Vuoksen piirakka 10 kpl /  500 g",6410345915008
"Gourmet Snacks Lohi-kasvispaistos 323g pakaste",6430026138540
"Gourmet Snacks Original minipaistoslajitelma 512 g",6430026138014
"Gourmet Snacks 300g Tuorejuustotäytteiset minipaistokset Kinkku kalkkuna",6430026138564
"Kanaki fetajuustopiirakka 400g perint.",5201063053100
"Kanaki feta-pinaattipiirakka 400g",5201063053117
"Kotiuunin juhlapiirakka 15kpl 675g",6437005064210
"Moilas cocktailriisipiirakka 30kpl kypsä pakaste",6431901640417
"Moilas Cocktail-riisipiirakka 30kpl paistovalmis pakaste",6431901650416
"Myllyn Paras riisi-ohrapiirakka 560g pa",6417700061028
"VAASAN KOTIUUNIN Kinkkupasteija 9 x 50g",6410500061069
"VAASAN KOTIUUNIN Lihapasteija 10 x 50g",6410500062028
"VAASAN KOTIUUNIN Rukiinen cocktailpiirakka 15 x 45g",6437005048289
"Pirkka kanelipullat 9kpl/495g",6410405048011
"Pirkka paistovalmis tumma suklaacookie 6 kpl/390g",6410405133977
"Pirkka rahkapullat 9kpl/495g",6410405047267
"Pirkka vadelmaviinerit 9kpl/495g",6410405066879
"Fazer Dallaspulla 9 kpl / 450 g",6410345916005
"Fazer Nami munkki 12 kpl",6410345921009
"Findus Kanelipullia Big Pack 700 g",7310500045863
"Findus Kanelipullia 420 g",7310500000343
"Findus kardemumma pulla 420g",7310500000336
"Findus Omena-Kanelipullia Big Pack 700 g",7310500093604
"Findus Vaniljapullia 400 g",7310500106847
"Kanaki vaniljakieppi 400g",5201063053414
"Kotiuunin Toscapulla 8kpl/440g",6437005064173
"Myllyn Paras Luumutorttu 440 g pakasteleivonnainen",6417700060120
"VAASAN KOTIUUNIN Mansikkaviineri 8 x 60g",6437005060847
"VAASAN KOTIUUNIN Omenaviineri 10 x 48g",6410500062042
"VAASAN KOTIUUNIN Toffeeviineri 8 x 60g",6410500062080
"VAASAN KOTIUUNIN Vadelmasydän-munkki 8 x 45g",6437005050077
"VAASAN KOTIUUNIN Voisilmäpulla 7 x 60g",6437005054389
"Myllyn paras voitaikinatasku 420g",6417700060373
"Pirkka gluteeniton karkea leipä 500g",6410402007431
"Pirkka gluteeniton palaleipä 4kpl/320g",6410405130099
"Fria minipatonki gluteeniton 280g",7330242200887
"Fria unikkosämpylä 4kpl/280g gton",7330242200863
"Mini Revityt 3kpl/330g glutenfri djupfryst",6430024242065
"Moilas Gluten-Free Aamiaissämpylä 5 kpl",6431903313203
"Moilas Gluten-Free Juustorieska 3kpl",6431903728137
"Moilas Gluten-Free Kiviarinarieska 3 kpl",6431903728014
"Moilas Gluten-Free Tumma leipä 600g",6431903311230
"Provena gluteeniton kaura- ja myslisämpylä 320 g",6411200108405
"Semper Toasty Puhdas Kaura 400g gluteeniton leipä",7312170055531
"Semper Toasty Rouheinen 400g gluteeniton leipä",7312170055524
"Semper Toasty Vaalea 400g gluteeniton leipä",7312170055517
"Sunnuntai kaura-porkkanasämpylä 400 g",6411200104162
"Sunnuntai tumma kaura-tattarisämpylä 400 g",6411200104643
"Pirkka gluteeniton sitruunamuffinssi 3 kpl/ 150 g",6410405098078
"Pirkka gluteeniton suklaamuffinssi 3 kpl/ 150 g",6410405098092
"Moilas Gluten-Free Vaniljatäytepulla 5kpl/300g",6431903317201
"Mustikka-rahkapulla 4kpl/300g gluteeniton pakaste",6430024242034
"Pirkka gluteenittomat kinkku-tomaattipiiraat 4kpl/220g",6410405114914
"Moilas Gluten-Free Riisipiirakka 6kpl",6431903324520
"Multicatering focaccia oliivilla 190g gton",8054377493738
"Vuohelan riisipiirakka 295g  gton",6430024242072
"Pirkka esikaulittu ja laskostettu voitaikina 500g",6410400046876
"Myllyn Paras Voitaikina 500 g pakastetaikina",6417700050251
"Pirkka lehtitaikinalevyt 6kpl/500g",6410400046852
"Sunnuntai isot lehtitaikinalevyt 800g",6438207011200
"Pirkka murotaikina 2kpl/400g",6410400049310
"Pirkka piirakkataikina 2kpl/400g",6410402020904
"Pirkka rukiinen piirakkataikina 400g",6410405076854
"Myllyn Paras Kauramurotaikina 400 g margariini pakastetaikina",6417700060168
"Myllyn Paras Pyöreä Piirakkataikina makea 380 g",6417700067754
"Myllyn Paras Pyöreä Piirakkataikina suolainen 380 g",6417700067761
"Myllyn Paras Pyöreä Ruis-Kaura Piirakkataikina 380 g",6417700067792
"Myllyn Paras Ruistaikina 500 g pakastetaikina",6417700060182
"Sunnuntai murotaikina 400 g",6411200055563
"Sunnuntai ruisperunataikina 400 g",6411200056621
"Kanaki fillo-taikina 450 g",5201063001545
"Myllyn Paras Laktoositon Piparitaikina 500 g pakastetaikina",6417700067501
"Myllyn Paras Piparkakkutaikina 500 g voi pakastetaikina",6417700060267
"Oululainen hapankorppu 370g",6413466041205
"Vaasan Koulunäkki Maukas 500g",6410500045700
"Pirkka hapankorppu 400 g",6410400025376
"VAASAN 100 % Ruis Hapankorppu 300 g",6437005058394
"Ryvita Multi-Grain näkkileipä 250g",5010265002072
"Linkosuo RuisSipsi Grilli 150 g",6420400000334
"Pirkka ruisnäkkileipä 200 g",6410402008971
"Pirkka täysjyvärukiinen näkkileipä 400 g",6410402026258
"Pirkka täysjyvärukiinen näkkileipä 500 g",6410402008957
"Leksands Jälkiuuni kolmionäkkileipä 200g",7312080004025
"Leksands Perinteinen kolmionäkkileipä 200g",7312080004018
"Leksands Ruutupala näkkileipä 400g",7312080004759
"Ryvita täysjyväruisnäkkileipä 400g",5010265000405
"Vaasan Koulunäkki Kunto 400g",6410500046332
"VAASAN KOULUNÄKKI Luomu luomutäysjyväruisnäkkileipä 220g",6437005063183
"VAASAN KOULUNÄKKI näkkileipä 200 g",6410500045380
"VAASAN KOULUNÄKKI näkkileipä 400 g",6410500045427
"Vaasan koulunäkki 220g kaura",6437005065637
"Vaasan Koulunäkki 5 täysjyväviljaa 200g",6437005071409
"VAASAN KUNTO näkkileipä 200 g",6410500046349
"VAASAN MAUKAS näkkileipä 230 g",6437005050855
"VAASAN PIENI PYÖREÄ Ruis näkkileipä 250 g",6410500488309
"VAASAN PIENI PYÖREÄ Seesami näkkileipä 250 g",6410500097099
"VAASAN YLHÄISTEN LEIPÄ näkkileipä 670 g",6410500046530
"Wasa Delikatess näkkileipä 270g",7300400117968
"Wasa Husman näkkileipä 520g",7300400118408
"Wasa Mineral Plus näkkileipä 200g",7300400127745
"Wasa Sport näkkileipä 550g",7300400114776
"Wasa Vitalite näkkileipä 280g",7300400122092
"Pirkka ohutnäkkileipä 250 g",6410405097552
"JH Cracotte taysjyva 250g",3041096763209
"Ryvita Seesami näkkileipä 250g",5010265000382
"Skarppi näkkileipä 200g",6430023534123
"VAASAN PIENI PYÖREÄ Monivilja näkkileipä 250 g",6410500046516
"VAASAN 100 % Ruis Näkkileipä 240 g",6437005060496
"Wasa Crisp&#039;n 7 Grains Näkkileipä 110g",7300400127851
"Wasa Fiber balance näkkileipä 230g",7300400127004
"Pirkka gluteeniton maissinäkkileipä 250 g",6410405092885
"Pirkka gluteeniton näkkileipä 275 g",6410405102829
"Pirkka kauranäkkileipä 230g",6410405137586
"Semper Gluteeniton näkkileipä 360g",7310100566485
"Semper Karkea näkkileipä 215g gluteeniton",7310100565723
"Semper Kauranäkkileipä 215g gluteeniton",7310100600462
"Semper Ohut näkkileipä 230g gluteeniton",7310100568120
"Semper Varrasnäkkileipä 330g gluteeniton",7312170056804
"Semper 230g Pellavansiemen näkkileipä, gluteeniton",7310100566898
"Wasa näkkileipä 275g gluteeniton laktoositon",7300400109215
"Oululainen Hapankorppu 200 g",6411402975102
"Oululainen hapankorppu 740g",6411402979902
"VAASAN 100 % Ruis Hapankorppu 400 g",6437005058417
"Oululainen kaurakorppu 180g",6410349879009
"Vaasan Valkosipulihapankorppu 175g",6437005069789
"Semper Rouhekorput 150g gluteeniton",7310100570598
"Pirkka Luomu ruisnappi 200 g",6410405105790
"Pirkka varrasleipä 500 g",6410400030134
"Pirkka varrasleipä 750 g (kuminaton)",6410405071941
"Bon chance ruislastu 120g valkosipuli",4770350141475
"Linkosuo  luomu RuisNappi 200 g",6420400000884
"Linkosuo Mini Ruissipsi sour cream 60g",6420400000792
"Linkosuo Mini Ruissipsi tomaatti-paprika 60g",6420400000785
"Linkosuo Nokkosvarrasleipä 500 g",6420400001119
"Linkosuo Ruisnappi Onion- garlic 200 g",6420400001232
"Linkosuo RuisSipsi Aito 150 g",6420400000341
"Linkosuo Ruissipsi maxi valkosipuli 300g",6420400000228
"Linkosuo RuisSipsi Sour Cream  150 g",6420400000372
"Linkosuo RuisSipsi valkosipuli 150 g",6420400000358
"Linkosuo ruissipsi 150g makea chili",6420400000310
"Linkosuo Varrasleipä 500 g",6420400001010
"Linkosuo Väinämöisen PalttoonNapit 500 g",6420400000822
"Ruislandia 100% Ruislastu Luomu 325g",6430034869009
"Vaasan pieni pyöreä varrasnappi 120g",6437005066627
"VAASAN RuisNacho Seesami &amp; Merisuola 130 g",6437005065699
"Vaasan RuisNacho Tomaatti-Rosmariin 130g",6437005071485
"VAASAN RuisNacho Valkosipuli &amp; Yrtit 130 g",6437005065668
"Vaasan RuisNacho 130g ruis-taikinajuuri",6437005069741
"Pirkka rasvaton maito 1 l",6410405082626
"Valio ruokakerma 15% 2dl UHT HYLA",6408430014729
"Valio kevytkermaviili 200 g HYLA®",6408430004287
"Valio kevytmaito 1,5l",6408430001330
"Valio Hyvä suomalainen Arki rasvaton maitojuoma 1,5 l",6408430000470
"Valio luomumaito 1l rasvaton",6408430000173
"Valio Plus™ kevytmaito 1 l",6408430000388
"Crème Bonjour Juusto 15% laktoositon maustettu ruokakerma 2 dl",8712566278688
"Valio Crea ruokakerma 2,5 dl kolme juustoa UHT laktoositon",6408430014798
"Valio creme fraiche150g hyla",6408430041312
"Valio rasvaton maito 1 l",6408430000104
"Valio ykkösmaito 1 l",6408430000111
"Valio eila™ Laktoositon Luomu kevyt maitojuoma 1 L",6408430000272
"Pirkka rasvaton piimä 1 l",6410405079626
"Pirkka laktoositon kuohukerma 2 dl 38 %",6410405109156
"Flora Vispi 20 % 2,5 dl",6411600081162
"Valio maito 1,5l rasvaton",6408430001149
"Pirkka vähälaktoosinen iskukuumennettu täysmaito 1 l",6410405090065
"Valio Plus maitokaakaojuoma 2,5dl lakton",6408430046614
"Arla Ingman Laktoositon rasvaton maitojuoma 2 dl (UHT)",6413300011494
"Valio kevytmaito 1l hyla",6408430011087
"Valio rasvaton maito 1l HYLA® pastöroitu",6408430011131
"Valio Hyvä suomalainen Arki ruokakerma 10 % 2 dl UHT HYLA",6408430015481
"Valio kermaviili 200g",6408430004010
"Valio maustettu rahka 200 g makea mansikka laktoositon",6408430042982
"Valio pehmeä maitorahka 250 g",6408430042081
"Valio Play maitokaakaojuoma 1l lakton",6408430048441
"Valio kuohukerma 3,3 dl laktoositon",6408430014477
"Pirkka laktoositon ruokakerma 15% 2 dl",6410405093448
"Crème Bonjour Pippuri 15% laktoositon maustettu ruokakerma 2 dl",8712566278732
"Tuorehiiva 50 g leivinhiiva",64008899
"Pirkka rasvaton mieto maitorahka 250 g",6410405098313
"Valio Laktoositon™ rasvaton maitojuoma 1,5 l",6408430000326
"Pirkka Luomu kevytmaito 1 l",6410405113153
"Pirkka täysmaito 1 l",6410405113559
"Valio rasvaton maito 1 l HYLA UHT",6408430011650
"Valio Plus maitokaakaojuoma 1l lakton",6408430046607
"Valio Plus vaniljajuoma 1 l lton",6408430046737
"Valio rasvaton piimä 1 lpiimä HYLA®",6408430001781
"Pirkka Asidofilus-Bifidus piimä 1 l",6410402024957
"Arla Keittiö ruokakerma kalalle 2dl 15%",6413300016697
"Creme Bonjour ruokakerma 2dl paahdettu sipuli 15% laktoositon",8712100380105
"Flora ruoka 15% vähälakt.maitopohj.kasvirasvasekoite 2,5 dl",7310390081132
"Valio Crea ruokakerma 2,5 dl kolme sipulia UHT laktoositon",6408430014828
"Nordic ruoka 15 % kasvirasvasekoite 2 dl",6411200108207
"Valio pehmeä maitorahka 250 g laktoositon",6408430042869
"Valio Plus™ rasvaton maito 1 l",6408430000289
"Pirkka laktoositon rasvaton maitojuoma 1 l",6410405095916
"Pirkka kevytmaito 1 l",6410405082657
"Pirkka vähälaktoosinen mieto maitorahka 250 g",6410405111340
"Pirkka laktoositon kevytmaitojuoma 1 l",6410405095893
"Valio Laktoositon™ kevytmaitojuoma 1,5 l",6408430000319
"Flora ruoka 15% laktoositon maitopohj.kasvirasvasekoite 2,5 dl",8718114868943
"Pirkka vähälaktoosinen ruokakerma 10%",6410402020263
"Pirkka kevyt kermaviili vähälaktoosinen 200g",6410402011742
"Valio kevytmaito 1 l",6408430000128
"Valio kevytmaito 1l luomu",6408430000142
"Valio luomu vanhanajan täysmaito 1l",6408430000418
"Valio täysmaito 1 l",6408430000135
"Valio Eila Latte original maitokahvijuoma 1 l laktoositon",6408430046652
"Andechser Natur vuohenmaito 3,2% luomu 1l UHT",4104060011191
"Valio Gefilus mustikkapiimä 1 l Hyla",6408430017348
"Valio Gefilus rasvaton piimä 1l",6408430001934
"Pirkka kuohukerma 2 dl",6410405079602
"Arla Luomu kuohukerma 2 dl",6413300015225
"Euro Shopper vaahdotettu kermasekoite 250 g / 238 ml",8717399855334
"Valio kahvikerma 3,3 dl 10% laktoositon",6408430014484
"Arla Keittiö ruokakerma kanalle 2dl 15%",6413300016710
"Arla Keittiö ruokakerma lihalle 2dl 15%",6413300016703
"Creme Bonjour ruokakerma 2dl yrtit lakton",8712100332951
"Flora 250ml Kevyt ruoka 7% kasvirasvasekoite",7310394004380
"Valio Crea ruokaker 2,5dl kolme yrttiä laktoositon",6408430014842
"Flora kuohu 26 % vähälaktoosinen maitopohjainen kasvirasvasekoite 2,5 dl",8718114866475
"Arla Keittiö 120g Smetana perinteinen laktoositon",6413300016994
"Valio smetana 120g lakton",6408430041022
"Cmème Bonjour Cuisine 13% Sipulisekoitus hapatettu kermavalmiste 2,5 dl",7310394007886
"Crème Bonjour Cuisine 13 % Valkosipuli ja yrtit hapatettu kermavalmiste 2,5 dl",7310394008234
"Arla Keittiö maustettu rahka mustikka-vanilja 200 g Into",6413300015072
"Valio maustettu rahka 200g vanilja laktoositon",6408430042395
"Valio pehmeä rahkajuoma 0,75 l HYLA",6408430019991
"Pirkka kevytmaito 0,5 l",6410405069450
"Valio Hyvä suomalainen Arki kevytmaitojuoma 1l",6408430000449
"Valio kevytmaito 1,5l luomu",6408430000395
"Valio kevytmaito 5 dl",6408430000456
"Pirkka Luomu rasvaton maito 1 l",6410405113177
"Pirkka rasvaton maito 0,5 l",6410405069436
"Valio Hyvä suomalainen Arki maitojuoma 1l rasvaton",6408430000432
"Pirkka vähälaktoosinen iskukuumennettu kevytmaito 1 l",6410402007196
"Pirkka vähälaktoosinen iskukuumennettu rasvaton maito 1 l",6410402007219
"Valio kevytmaito 0,5 l HYLA® UHT",6408430011063
"Valio kevytmaito 1 l HYLA UHT",6408430011667
"Valio kevytmaito 2dl hyla uht",6408430011469
"Valio rasvaton maito 0,5 l HYLA® UHT",6408430011070
"Valio täysmaito 1 l HYLA UHT",6408430011674
"Valio Plus™ rasvaton maito 2,5 dl",6408430000371
"Arla Power Cow Mansikanmakuinen pirtelö 200 ml",5709310015180
"Arla Power Cow Suklaanmakuinen pirtelö 200 ml",5709310015203
"Arla Power Cow Vaniljanmakuinen pirtelö 200 ml",5709310022737
"Nöm Caffe Cappucino 2,5 dl",9019100509208
"Nöm Wiener Eiskaffee Classic 1 l",9019100787408
"Valio Eila Latte caramel maitokahvijuoma 2,5 dl  laktoosito",6408430046676
"Valio Eila Latte minttu maitokahvijuoma 2,5 dl  laktoositon",6408430046690
"Valio Eila Latte original maitokahvijuoma 2,5 dl  laktoositon",6408430046669
"Valio Play®  maitokaakaojuoma 2,5 dl laktoositon",6408430046546
"Arla Ingman Laktoositon kevytmaitojuoma 1 L (UHT)",6413300011517
"Arla Ingman Laktoositon rasvaton maitojuoma 1 L (UHT)",6413300011500
"Valio Eila kevytmaitojuoma 5 dl  laktoosito",6408430010998
"Valio eila™ Laktoositon kevytmaitojuoma 1 L",6408430000258
"Valio eila™ Laktoositon kevytmaitojuoma 2,5 dl",6408430000364
"Valio Eila Laktoositon kevytmaitojuoma 2,5 dl uht",6408430011605
"Valio Eila Laktoositon™ maitojuoma 3% 1 l",6408430000296
"Valio kahvimaito 1 l laktoositon UHT",6408430000500
"Valio Kahvimaito 5 dl laktoositon",6408430001323
"Valio maitojuoma 1l laktoositon rton",6408430000241
"Valio laktoositon® piimä 1 l rasvaton",6408430001996
"Valio Luomu™ rasvaton piimä 1 l",6408430017096
"Valio rasvaton piimä 1l",6408430001705
"Valio AB® piimä 1 l (Asidofilus-Bifidus)",6408430001811
"Valio Gefilus mangopiimä 1 l Hyla",6408430017355
"Valio Gefilus mangopiimä 2,5 dl Hyla",6408430017362
"Valio Gefilus mustikkapiimä 2,5 dl HYLA",6408430017379
"Valio Gefilus piimä 1% rasvaa 1l",6408430001859
"Pirkka kuohukerma 5 dl",6410405121066
"Pirkka laktoositon kuohukerma 5 dl",6410405121080
"Pirkka vähälaktoosinen kuohukerma 0,5 l",6410405069498
"Pirkka vähälaktoosinen kuohukerma 2 dl",6410405069474
"Valio HYLA® kuohukerma 2 dl",6408430001538
"Valio kuohukerma 0,5 l",6408430001422
"Valio kuohukerma 2 dl",6408430001415
"Pirkka kevytkerma vähälaktoosinen 2 dl",6410402007233
"Valio kevytkerma 2dl UHT hyla",6408430014903
"Valio kahvikerma 2 dl HYLA®",6408430001668
"Pirkka kasvirasvasekoite 7% vähälaktoosinen 2dl",6410405046154
"Pirkka laktoositon kasvirasvasekoite 15% 2dl",6410405118370
"Crème Bonjour Valkosipuli Laktoositon maustettu ruokakerma 15% 2dl",8712566453573
"Flor kevy ruoka 7% vähälakt.maitopohj.kasvirasvasekoita 5 dl",8722700108825
"Flora ruoka kevyt &amp; paksu vähälakt.maitopohj.kasvirasvasekoite 4%-5dl",4000400181527
"Flora ruoka maitopohj.kasvirasvasekoite 15% 5 dl",8712566078226
"Flora ruoka 15 % maitopohjainen kasvirasvasekoite 2,5 dl",6411600811004
"Flora ruoka 4 % kevyt &amp; paksu vähälaktoosinen maitopohjainen kasvirasvasekoite 2,5 dl",8722700114093
"Valio Crea  ruokakerma 2,5 dl Mustapekka pippurijuusto UHT laktoositon",6408430014804
"Valio Crea ruokakerma 2,5 dl AURA sinihomejuusto UHT laktoositon",6408430014835
"Valio Crea ruokakerma 2,5 dl Kippari UHT laktoositon",6408430014811
"Valio Crea ruokakerma 5 dl kolme juustoa laktoositon",6408430014682
"Valio eila ruokakerma 15% 2dl UHT lakton",6408430014750
"Valio luomu ruokakerma 15% 2dl uht hyla",6408430014781
"Valio maust ruoka 5% 2,5dl cocos&amp;lime UHT",6408430014880
"Valio ruokakerma 10% 3,3 dl laktoositon",6408430014415
"Pirkka laktoositon vispikerma 2 dl",6410405093424
"Pirkka vispikerma 2 dl vähälaktoosinen",6410402007257
"Valio eila vispikerma 2dl UHT laktoositon",6408430014767
"Valio Luomu vispikerma 2dl UHT hyla",6408430014774
"Valio vaaht mansikkakerma 2,5dl lakton UHT",6408430014859
"Valio vaaht suklaakerma 2,5dl lakton UHT",6408430014866
"Valio vispikerma 2dl UHT HYLA",6408430014743
"Alpro ruoka 17% soijavalmiste 250 ml",5411188513483
"Alpro soijapohjainen kevyt kasvirasvavalmiste 250ml",5411188096108
"Alpro vispautuva soijapohj valmiste 250ml",5411188110637
"GoGreen Ruoka Kasvirasvasekoite 2 dl",7312787740127
"GoGreen Vispi Kasvirasvasekoite 2 dl",7312787740141
"Nordic ruoka 15 % sipuli kasvirasvasekoite 2 dl",6411200108238
"Oatly Ruokaan 13% 2,5 dl",7394376614897
"Sunnuntai kuohkea vispi 2 dl",6411200105985
"Pirkka laktoositon kermaviili 200g",6410405140586
"Arla Keittiö 200 g kermaviili kanalle 8% laktoositon",6413300017403
"Arla Keittiö 200 g kermaviili lihalle 8% laktoositon",6413300017410
"Arla Keittiö 200g kermaviili kalalle 8% laktoositon",6413300017397
"Valio eila™ Laktoositon kermaviili 200 g",6408430040308
"Valio HYLA® kermaviili 200 g",6408430004119
"Deliciest Smetana 350g",6430033521090
"Valio smetana 120 g",6408430041015
"Valio smetana 400g laktoositon",6408430041138
"Pirkka Crème Fraîche 18 % vähälaktoosinen 150g",6410405110909
"Arla Keittiö Crème fraiche 200 g",64002415
"Arla Keittiö Kevyt crème fraiche 18 % 200 g, Into",64006369
"CB cuisine 14% 2,5dl tilli sitruuna",8712100384776
"Crème Bonjour Cuisine 13% Pippurisekoitus hapatettu kermavalmiste 2,5 dl",7310394008241
"Creme Bonjour Cuisine 250ml Chili &amp; Paprika",8712100333095
"Ehrmann ranskankerma 200g 10% kevyt",4002971312102
"Valio Crea® crème fraîche 200 g paahdettu sipuli laktoositon",6408430041121
"Valio Crea® crème fraîche 200 g pippuri laktoositon",6408430041060
"Valio Crea® crème fraîche 200 g valkosipuli laktoositon",6408430041114
"Valio Laktoositon™ kevyt crème fraîche 12% 200 g",6408430041213
"Pirkka maitorahka 250g vähälaktoosinen",6410402011728
"Arla Keittiö Maustettu rahka Raparperi-Mansikka 200g",6413300015669
"Arla Keittiö maustettu rahka 200 g kausimaku Into",6413300016680
"Ehrmann maitorahka 0,2%",4002971466102
"Valio HYLA® maitorahka 500 g",6408430042234
"Valio Laktoositon™ maitorahka 250 g",6408430045822
"Valio maitorahka 250g",6408430042012
"Valio maitorahka 250g hyla",6408430042210
"Valio maustettu rahka 200 g kuningatar laktoositon",6408430042852
"Valio maustettu rahka 200 g päärynä-kinuski laktoositon",6408430046645
"Valio maustettu rahka 200 g sitruuna laktoositon",6408430042340
"Valio maustettu rahka 200 g tiramisu laktoositon",6408430042890
"Valio maustettu rahka 200 g valkosuklaa-lime HYLA®",6408430042074
"Valio maustettu rahka 200g kuningatar",6408430042685
"Valio pehmeä maitorahka 500 g laktoositon",6408430042876
"Valio pehmeä täyteläinen maitorahka 250 g",6408430042968
"Lindahls Tzatziki 500g",7392672105354
"Starbucks Discoveries Chocolate Mocha Latte Chocolate jääkahvi 220 ml",5760466961073
"Starbucks Discoveries Red Cup White Chocolate Mocha 220 ml",5711953002311
"Starbucks Discoveries Seattle Latte jääkahvi 220 ml",5760466961110
"Starbucks 220 ml Discoveries Skinny Cappuccino kahvi- ja maitojuoma",5711953005879
"Valio Polar 20% 350g",6408430338894
"Pirkka edam 350g",6410405094247
"Valio emmentaljuusto 350g 17% punaleima",6408430031221
"Valio Oltermanni juusto 1kg",6408430039432
"Pirkka vanha goudajuusto 400g",6410405117205
"Valio edamjuusto 300g viipale",6408430036356
"Valio edamjuusto 350g 17%",6408430039029
"Viola tuorejuusto 200gmaustamaton hyla",6408430032686
"Pirkka emmental 400 g",6410405113535
"Hochland cheddar sulatejuustoviipale 200g",4002468021319
"K-Menu goudajuusto 700g viipale",6410405136305
"Valio Polar juusto 700g 15%",6408430036882
"Valio Oltermanni juusto 900g 17%",6408430039517
"Valio Aamupala 400g 5% kevyenraikas laktoositon",6408430336807
"Pirkka maustamaton tuorejuusto 180 g",6410405094445
"Arla Apetina Tuorejuusto valkosipuli ja yrtit 200 g",5760466964968
"Crème Bonjour Kreikkalainen Valkosipuli tuorejuusto 100 g",7310390030048
"Valio Koskenlaskija 250g perinteinen",6408430037711
"Pirkka edam 1kg",6410405104885
"Pirkka leppäsavusulatejuustoviipale 150 g",6410405105707
"K-Menu edam 700g viipale",6410405136473
"Pirkka emmentaljuustoviipale 300g",6410405106254
"Pirkka Kermajuustoviipale 300 g",6410405106278
"Herkkutilan Parhaat 270g Viipaloitu Cheddarjuusto",6430053730281
"Valio Luostari 275g viipale",6408430338771
"Valio Salaneuvos goudajuusto 350g 17%",6408430035977
"Crème Bonjour Savuporo tuorejuusto 200 g",8718114850771
"Creme Bonjour tuorejuu 200g savuinen BBQ",8712100525445
"Mustapekka tuorejuusto 100g mustapippuri",6408430337873
"Koskenlaskija sulatejuusto 250g voimakas",6408430039326
"Olympia sulatejuusto 400g perinteinen",6408430037728
"Pirkka mascarpone 250 g",6410405113498
"Pirkka suomalainen edam 1kg",6410405130211
"Arla Edamjuusto 500 g",5760466739627
"Arla Edamjuusto 950 g",5760466745734
"Valio Arkijuusto 750g",6408430337545
"Valio edamjuusto 350g",6408430032273
"Valio edamjuusto 700g",6408430032396
"Valio Hyvä suomalainen Arkijuusto 1,25kg",6408430337590
"Valio Lappi 350 g",6408430338818
"Arctic mustaleima emmental n.250g",2357789400001
"Arla Emmental Mustaleima 300g",4009301043668
"Arla emmental punaleima 300g",4009301043675
"Arla emmentaljuusto 300g sinileima",4009301043552
"Kuusamon emmental mustaleima 300g",6405020030473
"Kuusamon emmental sinileima 300g",6405020030466
"Porlammin mustaleima emmental 280g",6416961002894
"Valio Emmental punaleima 700 g",6408430031399
"Valio emmentaljuusto 350g punaleima",6408430031245
"Valio emmentaljuusto 350g sinileima",6408430031672
"Valio emmentaljuusto 700g sinileima",6408430031689
"Valio Mustaleima emmental 245 g",6408430338559
"Valio Mustaleima™ e700 g",6408430031856
"Valio Polar®  700 g",6408430338467
"Valio Polar 350 g",6408430338184
"Pirkka kermajuusto 1 kg laktoositon",6410405090959
"Pirkka Saariston kermajuusto 700 g",6408641199796
"Arctic kytösavu kermajuusto n.200g",2357785000007
"Arctic paprika kermajuusto n.150g",2357788100001
"Arctic ruohosipuli kermajuusto n.150g",2357782900003
"Arla Natura Kermajuusto 1 kg",5760466988773
"Arla Natura Kermajuusto 500 g",5760466988797
"Arla Natura 900g kypsyt kermajuusto",5760466988834
"Heritage Label Präst 300g",7311877014605
"Juustoportti Isabellajuusto 450g",6408655060143
"Kuusamon paimenpoika suomalainen kermajuusto 1kg",6405020034303
"Kuusamon paimenpoika suomalainen kermajuusto 500g",6405020034402
"Kuusamon savupaimenpoika juusto 500g",6405020034495
"Valio oltermanni cheddar 900g",6408430338993
"Valio Oltermanni kermajuusto 450g luomu",6408430338399
"Valio Oltermanni kermajuusto 500g",6408430033805
"Valio Oltermanni täyteläinen 900 g",6408430338856
"Valio Turunmaa kermajuusto 350g",6408430036899
"Kuusamon savurypsi juusto 325g",6405020030589
"Kuusamon IsoSavu juusto 925g",6405020030381
"Kuusamon savujuusto 325g",6405020030596
"Saaremaa Kadaka savujuusto 500g",4740153332080
"Pirkka gouda 400g",6410405117182
"Arla Gouda juusto 500 g",7311870009608
"Frico Gouda n.400g",2386207900007
"Valio hyvä suomalainen arki gouda 625g",6408430338900
"Valio Musta Salaneuvos 300g goudajuusto",6408430336456
"Valio Salaneuvos goudajuusto 350g",6408430034826
"Westland Old Amsterdam 250g",8710243960505
"K-Menu sulatejuustoviipale 600g",6410405136589
"Pirkka sulatejuustoviipaleet 20 kpl/400 g",6410405068583
"Aamupala sulatejuustoviipale 200g",6408430037582
"Aamupala® 200g cheddar sulatejuustoviipale laktoositon™",6408430337521
"Kuusamon emmental sulateviipale 200g",6405020032200
"Valio Aamupala 400g maukas sulatejuustoviipale HYLA",6408430336449
"Valio Kippari sulatejuustoviipale 150g",6408430037155
"Valio Kippari sulatejuustoviipale 300g",6408430036417
"Valio Koskenlaskija® 200 g sulatejuustoviipale HYLA®",6408430336388
"Pirkka edam juustoviipale 300 g",6410405106230
"Arla natura kermajuusto 300g viipale",7311870031302
"Herkkutilan Parhaat 300g Viipaloitu Mimolette",6430053730298
"Hertta Gouda juustoviipaleet 300g",6430020460005
"Jokilaakson Juusto cheddar 150g viipale",6430016341509
"Jokilaakson Juusto kermajuusto 150g viip",6430016340922
"Maatilan Parhaat edamjuusto 300g viipaloitu",4740572003899
"Maatilan Parhaat Edamjuusto 600g viipale",4740572003554
"Maatilan Parhaat Emmental 600g viipale",4740572003837
"Maatilan Parhaat Emmentaljuusto 300g viip",4740572003905
"Maatilan Parhaat goudajuusto 300g viip",4740572003998
"Maatilan Parhaat kermajuusto 300g viip",4740572003882
"Maatilan Parhaat kermajuusto 600g viip",4740572003547
"Pohjolan goudaviipaleet 500 g",6430011154005
"Pommern gouda juustoviipale 300g",6407204000050
"Saaremaa edam viipale 150g",4740153081940
"Saaremaa Kadaka viipale 150g",4740153081896
"Saaremaa Saare leet viipaleet 150g",4740153081841
"Tofutti soijaviipaleet 152g cheddar maidoton",5060016652223
"Tofutti soijaviipaleet 152g mozzarella maidoton",5060016652230
"Valio edamjuusto 150g viipale",6408430037209
"Valio edamjuusto 700g viipale",6408430336654
"Valio emmental sinileima 150g viipale",6408430037223
"Valio Emmental viipale 275g punaleima",6408430339167
"Valio Emmental viipale 300g sinileima",6408430339150
"Valio Finlandia 300g viipale",6408430034383
"Valio Hyvä suomal Arki kermajuuviip 400g",6408430339327
"Valio Hyvä suomalainen Arki goudaviipale 400 g",6408430339143
"Valio Hyvä suomalainen Arki™juustoviipale 500 g n.36 kpl/pak",6408430338313
"Valio Mustaleima emmental 150g viipale",6408430337699
"Valio Oltermanni cheddar 270g viipale",6408430339082
"Valio Oltermanni täyteläinen 300g viipale",6408430338832
"Valio Oltermanni® 150 g viipale",6408430338597
"Valio Oltermanni® 300 g viipale",6408430338627
"Valio Polar Leppäsavu 270g viipale",6408430339181
"Valio Polar 300 g viipale",6408430338191
"Valio Turunmaa 275 g viipale",6408430338788
"Westland Old Amsterdam 150g",8710243959721
"Pirkka edam 17% 500 g",6410405094223
"Valio edamjuusto 700g 17%",6408430032969
"Valio edamjuusto 700g 9%",6408430033379
"Pirkka emmental 17 % 400 g",6410405113511
"Arla Kadett juusto 5 % 500 g",7311870031463
"Arla Kadett 10 % 500 g",7311870036505
"Arla Magré juusto 17 % 500 g",7311870033054
"Porlammin kevyt mustaleima 280g",6416961003013
"Valio Polar juusto 300g 10%",6408430336548
"Valio Polar juusto 350g 15%",6408430036875
"Valio Polar juusto 600g 5%",6408430036691
"Valio Polar® 10% 600g",6408430337972
"Pirkka kermajuusto 900 g 17 % laktoositon",6410405102515
"Arla Natura Kermajuusto 17 % 1 kg",5760466907996
"Arla natura kermajuusto 500g 17%",5760466908009
"Valio Oltermanni juusto 450g 17%",6408430039371
"Valio Turunmaa kevytjuusto 350g 15%",6408430036905
"Julia 10% 410g",6405372000414
"Julia 17%, 420g",6405372000223
"Julius 25%, 430g",6405372000513
"Arla Gouda juusto 17 % 500 g",7311870037632
"Frico Gouda kevyt juusto",2386208300004
"Valio Salaneuvos® 17 % 625 g",6408430336869
"Pirkka Kevyt sulatejuustoviipaleet 10/200 g",6410402000968
"Pirkka Kevyt sulatejuustoviipaleet 6% 200 g",6410405054425
"Aamupala sulatejuustoviipale 200g 12%",6408430037575
"Aamupala sulatejuustoviipale 200g 5%",6408430037957
"Valio Aamupala 400g 12% raikas lakton",6408430336463
"Arla gouda 17% viipale 300g",7311877012915
"Arla natura kermajuusto 300g 17% viipale",7311870031296
"Hertta kevytgouda juustoviipaleet 300g",6430020460012
"Hertta KevytMaasdam juustoviipaleet 300g",6430020460036
"Saaremaa Saare light viipale 150g",4740153081858
"Valio edamjuusto 300g 17% viipale",6408430036349
"Valio edamjuusto 700g 17% viipale",6408430336661
"Valio Oltermanni® 17 % 150 g viipale",6408430338610
"Valio Oltermanni® 17 % 300g viipale",6408430338634
"Valio Polar 15 150g viipale",6408430037216
"Valio Polar 15 300g viipale",6408430036431
"Valio Polar® 15% 700 g viipale  n.50 kpl/pak",6408430336678
"Valio Polar 300g 10 % viipale",6408430337989
"Valio Salaneuvos 150g 17% viipale",6408430037346
"Valio Salaneuvos 300g 17% viipale",6408430336586
"Pirkka appelsiinituorejuusto 180 g",6410405094407
"Pirkka aurinkokuivattu tomaatti tuorejuusto 180 g",6410405133670
"Pirkka chili tuorejuusto 180 g",6410405133656
"Pirkka Italian yrtit tuorejuusto 180 g",6410405094421
"Pirkka mustapippurituorejuusto 100 g",6410405096074
"Pirkka pippurinen tuorejuusto 180g",6410405094469
"Pirkka ruohosipulituorejuusto 180 g",6410405094483
"Pirkka valkosipulituorejuusto 100g",6410405107909
"Apetina tuorejuusto 200g maustamaton lakton",5711953019852
"Apetina tuorejuusto 200g Rucola Pesto",5760466979108
"Arla Apetina Tuorejuusto pippuri 200 g",5760466964920
"Arla Apetina Tuorejuusto Toscana 200 g",5760466964944
"Arla Apetina 200 g Tapas tuorejuusto",5711953006074
"Cantadou tuorejuusto 125g piparjuuri",3073780410984
"Castello ananas tuorejuusto 125 g",5740200029122
"Castello Mustapippuri tuorejuusto 125 g",5760466923125
"Castello Ruohosipuli tuorejuusto 125 g",5760466923156
"Crème Bonjour Kantarelli tuorejuusto 100 g",7310390030000
"Crème Bonjour Kantarelli tuorejuusto 200 g",8712566300587
"Crème Bonjour Mustapippuri-Tilli tuorejuusto 100 g",7310390030086
"Crème Bonjour Pippuriseos 15 % vähälakt.tuorejuusto 200 g",7310390018602
"Crème Bonjour Ruohosipuli 200 g tuorejuusto",7310390018503
"Crème Bonjour Savulohi ja piparjuuri tuorejuusto 200 g",8712566112197
"Crème Bonjour Taco tuorejuusto 100 g",7310390030123
"Creme Bonjour tuorejuu 200g paahd sipuli",8712100527180
"Creme Bonjour tuorejuusto 200g chili",8712100333323
"Creme Bonjour tuorejuusto 200g mustapi",8712100347368
"Crème Bonjour Valkosipuli tuorejuusto 200 g",7310390018510
"Crème Bonjour Valkosipuli 14 % vähälaktoosinen tuorejuusto 200 g",7310394000764
"Crème Bonjour Yrttitarha tuorejuusto 200 g",7310394000030
"Crème Bonjour 100 g Ruohosipuli tuorejuusto",7310390030109
"Crème Bonjour 100 g Valkosipuli tuorejuusto",7310390030093
"Creme Bonjour 100g Piparjuuri tuorejuusto",8712566423392
"Crème Bonjour 15% vähälaktoosinen tuorejuusto 200g ruohosipuli light",7310394000771
"Crème Bonjour 200 g Aurinkokuivattu Tomaatti tuorejuusto",7310390018596
"Crème Bonjour 200 g Katkarapu tuorejuusto",7310390018572
"Crème Bonjour 200 g Maustamaton tuorejuusto",7310390018541
"Galbani Mascarpone tuorejuusto 250g",8000430172010
"Mustapekka tuorejuusto 100g makea chili",6408430338481
"Mustapekka tuorejuusto 100g valkosipuli",6408430337880
"Philadelphai Light Original 12% 200g",5700419083360
"Philadelphia Extra Light 5% 200g",7622400687617
"Philadelphia Original 200g",4000339697908
"Philadelphia Original_300g",7310700443698
"Philadelphia Ruohosipuli 200g",7310700676492
"Philadelphia tuorejuusto 175g original laktoositon",7622210166692
"Philadelphia tuorejuusto 175g Välimeren Tomaatit",7622210322104
"Philadelphia 160g Marabou, Tuorejuustovalmiste, jossa maitosuklaata (22%)",7622300711870
"Valio Viola® kevyt 200 g yrtti tuorejuusto laktoositon",6408430338085
"Valio Viola tuorejuusto 200g rapu laktoositon",6408430338979
"Valio Viola 200 g Afrikan paprika tuorejuusto HYLA",6408430336067
"Valio Viola® 200 g sitruuna tuorejuusto laktoositon",6408430338535
"Valio Viola® 200 g tilli tuorejuusto laktoositon",6408430338733
"Valio Viola 200 g vanilja tuorejuusto laktoositon",6408430339136
"Valio Viola® 200g mango tuorejuusto laktoositon",6408430338542
"Viola tuorej 200g kevyt aurinkokuiv tom",6408430338078
"Viola tuorej 200g kevyt maustam lakton",6408430336500
"Viola tuorejuusto 200g appelsiini laktoositon",6408430336012
"Viola tuorejuusto 200g kevyt maustamaton",6408430032006
"Viola tuorejuusto 200g kevyt ruohosipuli",6408430032747
"Viola tuorejuusto 200g kevyt valkosipuli",6408430032341
"Viola tuorejuusto 200g kevyt yrtti-pipp",6408430032358
"Viola tuorejuusto200g kevyt paprika-chil",6408430032044
"Pirkka kevätsipulisulatejuusto 200g",6410405129932
"Pirkka leppäsavusulatejuusto 180 g",6410405105646
"Pirkka sulatejuusto maustamaton 400g",6410405129918
"Pirkka sulatejuusto 200g cheddar",6410405130549
"Pirkka sulatejuusto 200g savulohi",6410405130563
"Arla Pohjanpoika sulatejuusto 250 g",5760466912594
"Arla Pohjanpoika 17 % Savuporo-kevätsipuli sulatejuusto 250 g",5760466912655
"Kavli kinkkusulatejuusto 175 g",7311446011202
"Kavli 175 g sulatejuusto katkarapu",7311446011103
"Kavli 200 g sulatejuusto kantarelli",7311441240409
"Kavli 200 g sulatejuusto katkarapu",7311441240201
"Kavli 200 g sulatejuusto rapu",7311441240300
"Koskenlaskija sulatejuusto 250g paprika",6408430039234
"Koskenlaskija sulatejuusto 250g savuporo",6408430038909
"Koskenlaskija sulatejuusto 250g viherpip",6408430039227
"Kuusamon emmental sulatejuusto 200g",6405020032804
"Kuusamon paimenpoika sulatjuustviip 200g",6405020032330
"Kuusamon savuporo sulatejuusto 200g",6405020032996
"Olympia sulatejuusto 200g perinteinen",6408430037766
"Porlammi Mustaleima sulatejuusto 200g",6416961003501
"Silva juustolevite 150g kylmäsavuporo",6430016341004
"Silva juustolevite 150g mustaleima",6430016341271
"Silva juustolevite 150g mustatorvisieni",6430016341011
"Silva juustolevite 150g savumuikku",6430016341837
"Silva juustolevite 150g valkosipuli",6430016341028
"Silva juustolevite 150g wasabi",6430016341042
"Silva naturel juustolevite 400g 10%",6430016341899
"Valio Koskenlaskija® e250 g sipuli-ruohosipuli sulatejuusto laktoositon",6408430338719
"Valio Koskenlaskija 200 g levittyvä sulatejuusto laktoositon",6408430337279
"Valio Oltermanni sulatejuusto 400g levi",6408430038923
"Valio Polar 400g levittyvä 9%",6408430038145
"Tofutti soijalevite 225g maustamaton maidoton",20188050109
"Tofutti soijalevite 225g valkosipuli maidoton",20188050185
"ILO Hummus Aurinkokuiv tomaatti 150 g",6430016341479
"ILO Jalapeno hummus 150g",6430016340328
"ILO Kalamata hummus 150g",6430016340731
"ILO Original hummus 150g",6430016340311
"Venchiare Ricotta tuorejuusto 250g",8004115405028
"Pirkka nauta-sikajauheliha 400 g",6410405071170
"Pirkka naudan paistijauheliha 8% 400g",6410405127426
"Atria 400g Luomu Naudan jauheliha",6407840042407
"K-Menu sika-nauta jauheliha 400g",6410405135209
"Atria 700g Nauta jauheliha 17%",6407840042568
"Atria naudan parempi jauheliha 10% 400g",6407840042537
"Tamminen 400g Luomunaudan jauheliha 17%",6405691550409
"Pirkka naudan jauheliha 10% 400g",6410405071118
"Pirkka naudan jauheliha 17% 400g",6410405071088
"Paistijauheliha nauta",2000198700001
"HK mestarin maukkaampi paistijauheliha 400g",6409100037949
"Pirkka vähärasvainen naudan jauheliha 250 g",6410405086501
"Atria naudan parempi jauheliha 10% 700g",6407840042377
"Atria 400g nauta jauheliha 17%",6407840042544
"Snellman naudan jauheliha 10% 400g",6409620064562
"Snellman naudan jauheliha 10% 750g",6409620064586
"Tamminen rotukarja naudan jauheliha 400g  17%",6405691025013
"Tamminen rotukarjan jauheliha 400g 10%",6405691505409
"Pirkka porsaan jauheliha 400 g",6410405086532
"Pirkka nauta-sikajauheliha 600 g",6410405093776
"Snellman kunnon sika-nauta jauheliha 23% 750g",6409620064784
"Snellman Kunnon Sika-nauta jauheliha 400g",6409620064760
"Tamminen Karitsan paistijauheliha 400g",6405244730401
"Pirkka kotletti 300 g",6410402025787
"Atria Bravuuri 700g Uunivalmis Jauhelihamureke",6407830034566
"Tamminen rotuk burgerp 280g maustein",6405691505218
"Tamminen rotukarjan burgerpihvi 280g",6405691505010
"HK Ohuen Ohut Keittokinkku 300 g",6409100061456
"HK Ohuen Ohut Kalkkunanfileeleike 300 g",6409100045111
"Wigren Murea perinnekinkku 170g",6408720009596
"Wursti Extrapalvikalkkuna 300g",6409290001478
"Saarioinen Kevyt Lauantaimakkara 220 g",6412000082155
"Atria 225g Valkosipulimeetvursti",6407870076304
"Pirkka luomu meetvursti 100g",6410402021871
"Korpela ss savusaunapalve viipale 200G",6407970010338
"Wursti Extrapalvikinkku 400g",6409290001492
"Pirkka lauantaimakkara 300g",6410405125538
"Pirkka chorizo makkara 100g",6410405103734
"Snellman Kotimainen meetvursti 220 g",6409620003486
"HK Herkkumaksamakkara 150 g",6409100050610
"Korpela suussasulava paahtokinkku 200g viipale",6407970010352
"Snellman Ohuen ohut ylikypsä palvikinkku 270g",6409620006128
"Pirkka broilerin fileeleike 300g",6410405093615
"HK Ohuen ohut broilerinfileeleike 300g",6409100045166
"HK ohuen ohut loimukalkkuna 300g",6409100061968
"Pirkka ohut valkosipulimeetvursti 180g",6410405108395
"Kotivara Kevyt Venäläinen meetvursti 170g",6409630007221
"Snellman Kevyt meetvursti 200 g",6409620343209
"Snellman meetvursti 100g ohuen ohut",6409620003363
"Pirkka maksamakkara 300g",6410405132000
"Pirkka saunapalvikinkku 250g",6410405110053
"Atria ohut kinkku 200g paahdettu",6407880082326
"Atria 250g Keittokinkku",6407880084269
"Snellman Ohuen ohut kinkku 180 g",6409620007217
"Snellman Voileipäkinkku 300 g",6409620362200
"Wursti Korppukinkku 200g",6409290001591
"Pirkka ohuen ohut kalkkunanfileeleike 150g",6410405087409
"HK Kalkkunaleike 300 g",6409100045128
"Saarioinen pikkukalkkuna 150g viipale",6412000082667
"Pirkka Parman kinkku 80g",6410405062796
"Pirkka  herkkusienileike 200g",6408641213911
"Pirkka jahti 500g",6410405139061
"Pirkka jahtimakkara 300g",6410405139030
"Pirkka kielileike 200g",6408641213263
"Pirkka kinkkumakkara 300g",6410405088680
"Pirkka kinkkumakkara 500g",6410405139092
"Pirkka lauantaimakkara 500g",6410405125620
"Pirkka valkosipulileike 200g",6408641216400
"Atria metsästäjänmakkara 250g viipale",6407870070623
"Atria 225g Juhla Gotler Kinkkumakkara",6407870071637
"Atria 225g Kevyt Lauantaimakkara",6407870070296
"Atria 225g Lauantaimakkara",6407870070333
"Atria 250g Gotler Juusto Kinkkumakkara viipale",6407870071743
"Atria 250g Kevyt Gotler kinkkumakkara",6407870070586
"Atria 300g Gotler kinkkumakkara",6407870071224
"HK Broilerlauantai 800 g",6409100062057
"HK Lauantai 450g tanko",6409100057114
"HK Lauantai 700 g",6409100061708
"HK lihaisa kinkkumakkara 250g",6409100051747
"HK lihaisa krakovan makkara 225g",6409100050054
"HK lihaisa lauantai 250g",6409100051716
"OK-Sipulitee tanko 800g",6409890050760
"Pouttu Gouter 800g",6409710000456
"Pouttu Jahti 800g",6409710000555
"Pouttu Kannusleike 250g",6409710004850
"Saarioinen Lauantaimakkara 220 g",6412000082148
"Wigren Lammasleike 150g",6408720009695
"Wigren Omenaleike 150g",6408720009688
"Pirkka balkan 300g",6410405088710
"Pirkka balkan 500g",6410405088741
"HK lihaisa balkan 250g 9% kevyt",6409100051761
"Pouttu Kannuswursti 250g",6409710004584
"Pouttu Kannuswursti 750g tanko",6409710006106
"Pouttu Kevyt Kannuswursti 200g",6409710004577
"Pirkka kevyt meetvursti 250g",6410405108357
"Pirkka ohut pippurimeetvursti 180g",6410405108371
"Atria 100g Ohut Italian Salami",6407870076120
"Atria 100g Ohut Kevyt Paprikameetvursti",6407870076649
"Henri Raffin Ranskal leikkelelaj 120g",3375220500386
"HK kevytlinja meetvursti 200g",6409100054250
"HK lihaisa juustobalkan 225g",6409100051686
"HK Ohuen  ohut Kevyt Meetvursti",6409100043223
"HK Ohuen ohut  Ultrakevyt Meetvursti 100g",6409100043230
"HK Ultrakevyt Meetvursti 100g",6409100043247
"Kevyt Linja Meetvursti 100g",6409100054243
"Kotivara Chilivenäläinen 170g",6409630007115
"Kotivara Pippurivenäläinen 170g",6409630009188
"Kotivara Siluetti 100g",6409630001212
"Kotivara Valkosipulivenäläinen 170g",6409630005937
"Lapin Liha Kotasavumetvursti 200g",6408080005603
"Polarica riistameetvursti 100g",6408080005146
"Ridderheims 50g Bierbanger olutmakkara",7392555502034
"Ridderheims 50g Caramba olutmakkara",7392555502027
"Ridderheims 50g Hot Amigo olutmakkara",7392555502065
"Ridderheims 50g Joddlarkorv olutmakkara",7392555502089
"Ridderheims 50g Red Devil olutmakkara",7392555502096
"Ridderheims 50g Whiskypinne olutmakkara",7392555502102
"Saarioinen Kevyt meetvursti 200 g",6412000071135
"Saarioinen Pepperoni 150 g",6412000071029
"Savuhovi Mustapippurisalami 140g",6405834004691
"Snellman Kevyt kalkkunameetvursti 130 g",6409620003400
"Snellman Kevyt kotimainen meetvursti 200 g",6409620003523
"Snellman Kotimainen valkosipulimeetvursti 200 g",6409620003318
"Snellman Pippurinen meetvursti 120 g",6409620003479
"Valent 100g Chorizosalami viipaloitu",8412954020348
"Valent 200g Chorizo salamitanko",8412954020515
"Wigren chorizo snacky 150g",6408720003877
"Wigren italian snacky 150g",6408720003860
"Wigren minisnacky 150g",6408720003884
"K-Menu meetvursti 100g viipale",6410405134547
"Pirkka kotimainen meetvursti 250g",6410405108333
"HK Ohuen ohut kotimainen meetvursti 150g",6409100043384
"HK Ohuen ohut Krakovan salami 150g",6409100043391
"HK Ohuen ohut Milanon salami 150g",6409100043513
"HK Ohuen ohut Saaristolaismeetvurst 150g",6409100043377
"HK venäläinen meetvursti  200g",6409100041830
"Huhtahyvät kotimainen meetvursti 250g siivu",6409059790001
"Kotivara Kotimainen meetvursti 250g",6409630009256
"Kotivara Venäläinen meetvursti 170g",6409630007078
"Saar kotimainen meetvursti 200g",6412000082179
"Snellman Napostelumeetvursti 130 g",6409620007439
"Snellman pepperoni 130g",6409620003356
"Snellman Voileipämeetvursti 200 g",6409620003462
"Snellman 200g Kotimainen pippurimeetvursti viipaleet",6409620006630
"K-Menu maksamakkara 500g",6410405134455
"Pirkka kevyt maksapasteija 200g",6410402008414
"Pirkka maalaismaksapasteija 200g",6410402008391
"Atria 200g Herkkumaksamakkara",6407880082074
"Atria 200g Levitettävä Tomaattiherkku Maksamakkara",6407880082067
"Herra Snellmanin maksamakkara 150 g",6409620021503
"Herra Snellmanin maksamakkara 300 g",6409620002199
"HK Herkkumaksamakkara kevyt 300g",6409100050641
"HK Herkkumaksamakkara 300g",6409100050627
"HK herkkumaksamakkara 300g tomaatti",6409100051228
"HK Kerkkumaksamakkara levitettävä 125g",6409100050399
"Perniön herkkumaksamakkara 300g",6405366001007
"Snellman Maksapasteija 200 g",6409620029004
"Snellman Wanhanajan maksapasteija 200 g",6409620029905
"Snellman Viipaloitu aurinkokuivattu tomaatti maksamakkara 250 g",6409620008207
"Snellman Viipaloitu herkkumaksamakkara 250 g",6409620008191
"Wigren pippurimaksamakkara 300g",6408720002443
"Huhtahyvät 400g Maalaishyytelö pala",6409058840004
"Korpela maalaishyytelö 350G",6407973890005
"Pajuniemi Maalaishyytelö 300g",6409322750008
"Snellman Lihahyytelö 200 g",6409620003745
"Wursti kananpojan hyytelö 300g",6409290001904
"Pirkka keittokinkku 300g",6410405110084
"Pirkka ohuen ohut possupaisti 150g",6410405139009
"Pirkka ohuen ohut saunapalvikinkku 150g",6410405053855
"Pirkka pippurimaustettu porsaanfilee 130g",6410405125422
"Pirkka porsaan sisäpaisti 130g",6410405125439
"Pirkka savusaunakinkku 200g",6410405062574
"Atria ohut kinkku 400g ylikypsä",6407880083750
"Atria Suomalainen Murea Savukinkku 200g",6407880081565
"Atria 350g Saunapalvi",6407880084900
"Euro Shopper 500g Palvikinkku sv",6410405053909
"HK Ohuen ohut palvikinkku 150g lisäaineeton",6409100054489
"HK Ohuen Ohut Ylikypsä Saunapalvikinkku 300 g",6409100061463
"HK ohuenohut ylikypsä loimukinkku 300g",6409100061999
"HK Ohut 100 % Leppäsavukinkku 150 g",6409100054434
"HK Saunapalvikinkku 300 g",6409100046606
"Makuliha Aito uunikinkku 175g viipale",6405053006223
"Saarioinen Kultakinkku 200 g",6412000073986
"Saarioinen Pieni Kultakinkku 150 g",6412000081073
"Saarioinen pikkukinkku 150g viipale",6412000082650
"Saarioinen Pippurikinkku 200 g",6412000081233
"Savuhovi korppukinkku 200g siivu",6405834004905
"Snellman kotimainen spalvikinkku 250g",6409620006746
"Snellman Ohuen ohut aito saunapalvikinkku 150 g",6409620007668
"Snellman Ohuen ohut keittokinkku 270 g",6409620007569
"Snellman Ohuen ohut kevyesti savustettu kinkku 150g",6409620007972
"Snellman Ohuen ohut pippurinen kinkku 150 g",6409620007804
"Snellman Ohuen ohut savustettu perhekinkku 250 g",6409620007248
"Snellman Tosi murea palvikinkku 200 g",6409620008863
"Snellman Ylikypsä kinkku 300 g",6409620380204
"Tosi murea korppukinkku 200 g",6409620008887
"Wotkins palvikinkku n.290g",2388031400005
"Wursti aleksanteri palvikinkku 300g",6409290001607
"Wursti Grillikinkku 200g",6409290001676
"Wursti Sinappikinkku 150g",6409290002611
"Pirkka ohuen ohut broilerinfileeleike 150g",6410405093585
"Pirkka savusaunakalkkuna 200g",6410405062604
"Atria 250g Kalkkunaleike",6407810018760
"Atria 450g Kalkkunaleike",6407810018661
"HK Ohuen ohut Lisäaineeton broilerinfilee 150 g",6409100054472
"Pajuniemi Aito 150g Kalkkunafile",6409323110009
"Saarioinen Kultabroiler 200 g",6412000081202
"Saarioinen Kultakalkkuna 200 g",6412000074341
"Saarioinen Pippurikalkkuna 200 g",6412000081240
"Snellman Kalkkunanfilee 300 g",6409620361203
"Snellman Ohuen ohut hunajabroilerfilee 150g",6409620007590
"Snellman ohuen ohut kalkkunanfilee 150g",6409620000072
"Snellman Ohuen ohut savustettu perhekalkkuna 250 g",6409620007231
"Snellman tosi murea korppukalkkuna 150g",6409620000102
"Wursti extrapalvibroileri 300g siivu",6409290001461
"Wursti Sinappikalkkuna 170g",6409290002604
"Pirkka antipastoleikkeleet 120g",6410405083401
"Pirkka ohuen ohut naudanpaisti 150g",6410405138972
"Pirkka paahdettu naudanpaisti 150g",6410405077998
"Pirkka poron kylmäsavupaisti 100g",6410402012237
"Pirkka Schwarzwaldin kinkku 100g",6410405062819
"Pirkka Serrano kinkku 100g",6410405062772
"Pirkka suolaliha 150g",6410405116253
"Atria Kulinaari 100g Ohut Kylmäsavuhärkä",6407880084429
"Atria Kulinaari 100g Ohut Kylmäsavukinkku",6407880084443
"Chef Wotkins hevonen n100g kylmäsavustettu",2388040200009
"Chef Wotkins kassler n. 80g coldsmoke",2388040300006
"HK Ohuen ohut Härän kylmäsavupaisti 100 g",6409100046453
"HK Ohuen ohut Kylmäsavustettu Palermonpossu 100 g",6409100056452
"Huhtahyvät 100g Kylmäsavukinkku sv",6409052380001
"Huhtahyvät 100g Kylmäsavupaisti sv",6409059930001
"Klümper Westfalenin ilmakuivattu kinkkuviipale 100 g",4101060001818
"Kotivara Poron kylmäsavupaisti 100g",6409630001014
"Kotivara Porsaan kylmäsavukinkku 100g",6409630002264
"Lapin Liha kylmäsavupaisti sakhirvi100g",6408080003074
"Lapin Liha poron ksavupaisti 80g ohut",6408080003623
"Snellman Ohuen ohut naudanpaisti 150 g",6409620007224
"Snellman Ohuen ohut pippurinen naudanpaisti 130 g",6409620007828
"Snellman Tosi murea savunauta 150 g",6409620008856
"Tamminen Hereford kylmäsavuhärkä 100g",6405691450006
"Valent 100g Serranokinkku viipaloitu",8412954020553
"Wigren Naudan sisäpaisti 130g",6408720008056
"Wigren Rosvofile 150g",6408720008063
"Wursti Rosvopaisti 170g",6409290001737
"Wursti Sisäpaistisuolaliha 170g",6409290001669
"Nivea suihkusaippua 250ml Supreme Touch",4005808750399
"Bliw nestesaippua 500ml Mustikka täyttöpullo",7310618427070
"Palmolive vaahtonestesaippua 250ml Magic Softness Jasmine",8714789933665
"Palmolive vaahtosaippua 250ml Raspberry",8714789834252
"Dove 100 g Regular saippua",8000700000005
"LV palasaippua 100g",6411000745008
"Palmolive palasaippua 90g Original",8714789700045
"Rexona2x125 g saippua",5000186821098
"Sunlight 2x135 g saippua",6411000890005
"Pirkka herkän ihon pesuneste 500 ml",6410405130464
"Pirkka herkän ihon suihkusaippua 500ml",6410405130488
"Pirkka suihkugeeli ginger &amp; tangerine 300ml",6410405107718
"Pirkka suihkugeeli lavender &amp; lime 300ml",6410405107732
"Pirkka suihkusaippua orange blossom &amp; shea butter 300ml",6410405107756
"Dove Pure &amp; Sensitive suihkusaippua 250 ml",8711600356689
"Dove suihkugeeli 250ml Almond Cream",8711600798434
"Dove suihkusaippua 250ml Pistachio cream",8712561230926
"Dove suihkusaippua 250ml Restore",8711700789257
"Dove 250 ml Deeply Nourishing suihkusaippua",8711600337954
"Dove 250 ml Fresh Revive suihkusaippua",8718114286822
"Dove 250 ml Fresh Touch suihkusaippua",8717163348666
"Dove 250 ml Go Fresh Rebalance suihkusaippua",8711600380141
"Erisan Hoitava Pesuneste 400ml",6412600573589
"Erisan Suihkusaippua 33 % kosteusvoidetta 250 ml",6412600573602
"Family Fresh suihkusaippua 500ml Bright Energy",7310614354059
"Family Fresh suihkusaippua 500ml Creamy Berry",7310614360074
"Family Fresh suihkusaippua 500ml Forest Energy",7310614361071
"Family Fresh suihkusaippua 500ml Peach Cream",7310614355070
"Family Fresh suihkusaippua 500ml Pear Lily",7310614356077
"Family Fresh suihkusaippua 500ml spring rain",7310614394055
"Lemon Juice &amp; Glycerine suihkusaippua 250 ml Puuvilla",6414400014934
"Lemon Juice &amp; Glycerine suihkusaippua 250 ml 2in1 Lime &amp; Jogurtti",6414400014941
"LV suihkusaippua herkkäihoiselle 250ml",6414504296106
"Neutral suihkusaippua 250ml Sensitive",5740500004881
"Nivea suihkugeeli 250ml Pure Fresh",4005808899265
"Nivea suihkugeeli 250ml Waterlily&amp;Oil",4005808020133
"Nivea suihkusaippua 250ml Free Time",4005808578009
"Palmolive suihkugeeli Naturals Almond Milk 250ml",8714789732893
"Palmolive suihkugeeli Naturals Black Orchid 250ml",8714789732947
"Palmolive suihkugeeli Naturals Cherry Blossom 250ml",8714789732909
"Palmolive suihkugeeli Naturals Milk and Honey 250ml",8714789732879
"Palmolive suihkugeeli Naturals Olive 250ml",8714789732886
"Palmolive suihkugeeli Naturals Pure Milk 250ml",8714789732916
"Palmolive suihkusaippua Mediterranean Moments Apricot from Italy and strawberry 250ml",8714789857602
"Palmolive suihkusaippua 250 ml aroma absolute relax",8714789514505
"Palmolive suihkusaippua 250 ml spa massage",8714789514635
"Palmolive suihkusaippua 250ml aroma Morning Tonic",8714789514567
"Palmolive suihkusaippua 250ml Brasil Caipi Coconut",8714789949079
"Palmolive suihkusaippua 250ml Brasil Caipi Passion",8714789948935
"Palmolive suihkusaippua 250ml Mediterranean Moments Spain",8714789939841
"Palmolive suihkusaippua 250ml Smooth Delight",8714789939780
"Palmolive suihkusaippua 250ml Thermal Spa Ocean Vitality",8714789851396
"Palmolive 250ml Mediterranean Moments Morocco suihkusaippua",8714789857596
"Rexona suihkusaippua 250ml Cherry Burst",8712561485616
"Rexona suihkusaippua 250ml flower splash",8712561051224
"Rexona suihkusaippua 250ml Lime &amp; Peppermint",8712561261029
"Rexona 250 ml Fruit Explosion suihkusaippua",8711600967878
"Rexona 250ml Fresh Spirit suihkusaippua",8711600967632
"Rexona 250ml Mild Freshness suihkusaippua",8711600967953
"Rexona 250ml Tropical Power suihkusaippua",8711600967717
"Rexona 250ml 2in1 suihkusaippua",8711600968035
"Pirkka herkän ihon nestesaippua 500ml",6410405130501
"Pirkka manteliöljy nestesaippua täyttöpakkaus 300 ml",6410402022847
"Pirkka manteliöljy nestesaippua 300 ml pumppupullo",6410402022380
"Pirkka nestesaippua aloe vera täyttöpakkaus 300ml",6410405052148
"Pirkka nestesaippua aloe vera 300ml",6410405052124
"Pirkka nestesaippua sitrus täyttöpakkaus 300ml",6410402022823
"Pirkka nestesaippua sitrus 300ml",6410402022366
"Bliw nestesaippua 150ml Karhunvatukka",7310618409052
"Bliw nestesaippua 150ml Karpalo",7310618409069
"Bliw nestesaippua 300ml Kaunokainen pumppupullo",7310618429012
"Bliw nestesaippua 300ml Mansikkapaikka pumppupullo",7310618429029
"Bliw nestesaippua 300ml Mustikka pumppupullo",7310618427032
"Bliw nestesaippua 300ml Poimulehti pumppupullo",7310618427018
"Bliw nestesaippua 300ml Puna-apila ja vadelma pumppupullo",7310618427001
"Bliw nestesaippua 300ml Valkovuokko pumppupullo",7310618427056
"Bliw nestesaippua 300ml Vanamo pumppupullo",7310618427049
"Bliw nestesaippua 500ml Poimulehti täyttöpullo",7310618427094
"Bliw nestesaippua 500ml puna-apila vadelma täyttöpullo",7310618427117
"Bliw nestesaippua 500ml Valkovuokko täyttöpullo",7310618427063
"Bliw saippua 150ml metsäorvokki",7310618409014
"Dettol nestesaippua No Touch täyttö cucumber",5701092107275
"Dettol No Touch käsisaippua 250ml täyttö Aloe Vera",5701092108036
"Dove nestesaippua 250ml",4000388177000
"Dove 250 ml Fresh Touch nestesaippua",8717163023839
"Erisan Hoitava nestesaippua 300 ml",6412600572285
"Euro Shopper nestesaippua mango 500 ml",6410405052247
"Euro Shopper nestesaippua manteli 500 ml",6410405052261
"Euro Shopper nestesaippua 1 l",6410400075586
"Lemon Juice &amp; Glycerine 250 ml Puuvilla-sitruuna saippuavaahto",6414400015160
"Lemon Juice &amp; Glycerine 250ml Avokado-sitruuna saippuavaahto",6414400015177
"LV Nestesaippua 300ml",6411000594002
"LV Nestesaippua 500ml",6414504280457
"Neutral 300 ml Nestesaippua",5740500000548
"Palmolive Ayurituel Energy nestesaippua 250 ml",8714789720920
"Palmolive Hygiene plus nestesaippua 300 ml",8714789673653
"Palmolive nestesaippua aquarium 300 ml pumppu",8003520013040
"Palmolive nestesaippua 300 ml delicate care pumppu",8003520012906
"Palmolive nestesaippua 300 ml delicate care täyttö",8003520013064
"Palmolive nestesaippua 300 ml milk&amp;honey pumppu",8714789418841
"Palmolive nestesaippua 300ml Brasil",8714789949154
"Palmolive nestesaippua 300ml kitchen",8714789418872
"Palmolive nestesaippua 300ml Morocco",8714789862316
"Palmolive nestesaippua 300ml Naturals Smooth Delight",8714789939704
"Palmolive nestesaippua 300ml olive",8003520028815
"Palmolive nestesaippua 300ml Softness",8714789639987
"Rexona 300ml Clean&amp;Protect nestesaippua",8711600966994
"Rexona 300ml Fruit Explosion nestesaippua",8711600967335
"Rexona 300ml Lime Time nestesaippua",8711600967175
"Pirkka suihkugeeli for men 2in1 Sport 300ml",6410405107794
"Adidas suihkugeeli 250ml 3in1 after sport",3607340722127
"Axe suihkusaippua 250ml Apollo",8711700719308
"Axe suihkusaippua 250ml deep space",8711700719643
"Axe suihkusaippua 250ml Gold Temptation",8712561423717
"Axe suihkusaippua 250ml Peace",8712561190435
"Axe suihkusaippua 250ml Peacemaker",8712561191760
"Axe 250 ml Anti Hangover suihkusaippua",40883694
"Axe 250 ml Dark Temptation suihkusaippua",42153184
"Axe 250 ml Excite suihkusaippua",42182740
"AXE 250ml Anarchy suihkusaippua",8711600655904
"Axe 250ml Sportblast suihkusaippua",8711600656567
"Dobbeldusch Fresh suihkusaippua 250 ml",7319470845060
"Dobbeldusch Sport suihkusaippua 250 ml",7319470845046
"Dopve Men+Care 250 ml Aqua Impact suihkusaippua",8718114670966
"Dove Men 250ml Fresh Awake suihkusaippua",8711600672543
"Dove Men+Care 250 ml Clean Comfort suihkusaippua",8717644627624
"Dove Men+Care 250 ml Extra Fresh suihkusaippua",8717644598849
"Erittäin Hieno Suomalainen suihkusaippua 250ml Mies Jää",7310613226104
"Erittäin Hieno Suomalainen suihkusaippua 250ml Mies Metsä",7310613226203
"Erittäin Hieno Suomalainen suihkusaippua 250ml Mies Sisu",7310613226005
"NIVEA FOR MEN Energy suihkusaippua 250 ml",4005808133888
"NIVEA FOR MEN Sensitive suihkusaippua 250 ml",4005808235353
"NIVEA FOR MEN Sport suihkusaippua 250 ml",4005808134045
"NIVEA FOR MEN Vitality Fresh suihkusaippua 250 ml",4005808627004
"Palmolive suihkusaippua 2x500ml Men Refreshing",8714789965475
"Palmolive suihkusaippua 250ml Brasil Men Guarana Kick",8714789939834
"Palmolive suihkusaippua 250ml Brasil Men Lime&amp;Mint Shoot",8714789939827
"Palmolive suihkusaippua 250ml Men Energising",8714789732992
"Palmolive suihkusaippua 250ml Men Refreshing",8714789732985
"Palmolive suihkusaippua 250ml Men Sensitive",8714789733029
"Palmolive suihkusaippua 250ml Men Sport",8714789733012
"Playboy suihkusaippua 250ml Super Playboy",3607346624319
"Rexona suihkusaippua 250ml Lotus F1",8711700907156
"Rexona 250ml Men Adventure suihkusaippua",8711600968110
"Rexona 250ml Men Cool Ice suihkusaippua",8711600967793
"Rexona 250ml Sport suihkusaippua",8711600967458
"XZ Minttu Lime 2in1 suihkushampoo 250ml",6414504308373
"Pirkka lasten suihkusaippua 500ml",6410405130525
"Pirkka Desinfioiva käsihuuhde 100 ml",6410405130402
"Pirkka Desinfioiva käsihuuhde 500 ml",6410405130426
"LV Käsidesinfiointi 100ml",6414504275880
"Pirkka pesusieni 1 kpl",6408641193077
"Pirkka pesusieni 3 kpl",6408641188585
"Frina Saunasieni Karhea",3175760308042
"VS kynsiharja",6410880041507
"SUN 105 tabl.konetiskitabletit",8718114332628
"Pirkka astianpesuaine omena-päärynä 500ml",6410405135674
"Ajax käsitiskiaine 500ml Green Apple",8714789965536
"Fairy käsitiskiaine 550ml Original",4015600444709
"Pirkka All in 1 konetiskitabletti 50kpl",6410405135735
"Sun Ultra Degreasing 40tabl konetiskiaine",8712561174152
"Pirkka huuhtelukirkaste 500 ml",6410405096135
"Finish astianpesukonesuola 1,2 kg",4002448046424
"Pirkka astianpesuaine metsämarjat 500ml",6410405135681
"Pirkka Astianpesuaine Sitruuna 500 ml",6410405045355
"Pirkka hajusteeton astianpesuaine 500 ml Tiivistetty, väriaineeton",6410405081155
"Ajax käsitiskiaine 500ml Lemon Fruit",8714789965567
"Ajax käsitiskiaine 500ml Passion Fruit",8714789968650
"Ecover astianpesuneste 500ml sitruuna",5412533400779
"Ecover Zero astianpesuneste 500ml",5412533400816
"Fairy Active Foam 375ml tehovaahto",5413149216549
"Fairy käsitiskiaine 450ml Fresh Orange",4015600400279
"Fairy käsitiskiaine 650ml Sitruuna",5410076552429
"Fairy käsitiskiaine 900ml Original",4084500180956
"Fairy Naturals Omena 650ml käsitiskiaine",5410076552450
"Fairy Platinium 650ml käsitiskiaine",5410076552009
"Fairy Platinum Sitruuna 650ml käsitiskiaine",5410076552030
"Fairy Power Spray 375ml",5413149140271
"LV astianpesuaine 500ml",6414504115780
"Neutral 500 ml Käsitiskiaine",5740500004263
"Sunlight astianpesuaine 1000ml Classic Lemon",8712561425384
"Sunlight astianpesuaine 1000ml Classic Orange",8712561425476
"Sunlight astianpesuaine 500ml Lime",8712561425162
"Sunlight astianpesuaine 500ml Orange",8712561425346
"Tolu astianpesuaine 500ml Ultra Power",7332531048309
"Pirkka konetiskijauhe 1kg",6410405135728
"Sun 1 kg konetiskijauhe",6415330007294
"Sun 1 kg konetiskijauhe täyttöpussi",7615300001881
"Pirkka All in 1 konetiskitabletti 24kpl",6410405135742
"Fairy konetiskiaine 39kpl Clean Fresh All in One Citrus",4084500096066
"Fairy konetiskiaine 39kpl Clean Fresh All in One Omena",4084500095984
"Fairy konetiskiaine 46kpl All in One Lemon",4084500098206
"Fairy konetiskiaine 46kpl All in One Original",4084500098091
"Fairy konetiskiaine 70kpl All in One Original",4084500098282
"Fairy Platinum konetiskiaine 26kpl Original",4084500111943
"Fairy Platinum konetiskiaine 38kpl Original",4084500112247
"Fairy Platinum konetiskiaine 38kpl Sitruuna",4084500112216
"Fairy Platinum konetiskiaine 57kpl Original",4084500112339
"Finish All in 1 astianpesukonetabletti 90kpl regular",5701092108722
"Finish Allin1 Power&amp;Pure 36tab",5701092108975
"Finish konetiskitabletti All in 1 26kpl",5701092106933
"Finish konetiskitabletti all in1 52kpl lemon",5701092107060
"Finish konetiskitabletti Powerball 90kpl",5701092105042
"Finish powerball konetiskitabletti 30 kpl",5701092105028
"Finish Quantum konetiskitabletti 45kpl sitruuna",5701092108449
"LV konetiskitabletti 32kpl herkkäihoisille fosfaatiton, joutsenmerkitty",6414504610179
"Sun All in 1 konetiskitabletti 44kpl Extra Power",8712561166676
"Sun konetiskiainetabl 50kpl all-in-one",8711700933674
"Sun konetiskitabletti 33kpl Ultra Degreasing",8712561694872
"Sun 40 kpl  Lemon konetiskitabletti",8718114392424
"Sun 70kpl Lemon konetiskitabletit",8718114392592
"Pirkka nestemäinen konetiskiaine 1,5  l",6410400036921
"Finish All in1 geeli 650ml Eco",5701092108333
"Sun 1L Lemon Konetiskiaine",8717163989203
"Finish astianpesukraik 1kpl odour stop",5701092103031
"Sun 3x40g ast.pesukon.puhd.aine",8717163055977
